id,utc,sensor,call_type,x,y,z,t0,rms,weighted_rms,unc_x,unc_y,unc_z,unc_t,ellipse_semi_major,ellipse_semi_minor,ellipse_rotation,ellipse_area,n_picks,n_iterations,x_utm,y_utm,z_utm,lon,lat,filename,horizontal_uncertainty,positional_quality,x_km,y_km,x_utm_km,y_utm_km,minutes,hours
0,2021-11-04 02:00:08.495464,hf,pair,37002.827525852044,22342.031562325054,-40.0,6.495463572865528,0.2235044666617848,0.12768859738194016,1.5633909601138447,4.145741363375201,0.0010772717766433272,0.0010772717766433272,10.295827238966156,3.4083068187050056,1.750870318711177,110.24269023964747,21888,20,86453.17247414796,811354.0315623251,-40.0,-126.74421494972172,7.324572531747907,association_2021-11-04_02:00:02.pkl,4.430729369546933,high,37.00282752585204,22.342031562325054,86.45317247414796,811.3540315623251,0.0735745,0.0012262416666666666
1,2021-11-04 02:00:51.223756,hf,pair,37011.288734751164,22360.111889422515,-40.0,49.223755623124376,0.16438633144441944,0.12547259407625172,1.7698712285627651,4.934536370686968,0.0012067312525589824,0.0012067312525589824,12.273338381302484,3.7447500611877094,1.7582571482753424,144.38943510482895,16957,20,86444.71126524883,811372.1118894225,-40.0,-126.74429280904617,7.324735094818913,association_2021-11-04_02:00:02.pkl,5.242336631629715,high,37.01128873475116,22.360111889422516,86.44471126524883,811.3721118894225,0.7857126999999999,0.013095211666666665
2,2021-11-04 02:00:34.614379,hf,pair,82715.87255881923,12452.297946295112,-40.0,32.614379369492106,0.24259600868576636,0.16622997768882933,3.6429682582171763,12.554530724397997,0.005116459445549299,0.005116459445549299,31.02414722767064,7.833801349109783,1.4284125942814254,763.5232738790221,10450,20,40740.12744118077,801464.2979462951,-40.0,-127.15656807147882,7.23171682977707,association_2021-11-04_02:00:02.pkl,13.072393026536158,high,82.71587255881923,12.452297946295111,40.74012744118077,801.4642979462951,0.50888975,0.008481495833333333
3,2021-11-04 02:00:14.753106,hf,pair,82757.48288317163,12635.69565328512,-40.0,12.753106063923568,0.3209786606926391,0.16990167160834982,4.1459722278301925,14.6443907097125,0.005898368993808817,0.005898368993808817,36.382234742093566,8.01494670533615,1.394479827557575,916.0936720342384,10248,20,40698.51711682837,801647.6956532851,-40.0,-127.15695915475601,7.233367994729154,association_2021-11-04_02:00:02.pkl,15.219962712590759,high,82.75748288317163,12.63569565328512,40.69851711682837,801.6476956532852,0.17786853333333333,0.0029644755555555554
4,2021-11-04 02:00:54.567811,hf,pair,82702.77778635712,12543.45150411839,-40.0,52.56781072188001,0.17407962691685444,0.14983721076937076,3.8160828231757145,13.430483719573134,0.0053906531353824505,0.0053906531353824505,33.26911151356082,7.819501326129509,1.4121270145828244,817.278610847893,8359,20,40753.222213642875,801555.4515041184,-40.0,-127.15645730298289,7.232540291274213,association_2021-11-04_02:00:02.pkl,13.962105179916664,high,82.70277778635713,12.543451504118389,40.75322221364288,801.5554515041184,0.84144695,0.014024115833333333
5,2021-11-04 02:00:04.080994,hf,pair,86091.7080202592,12906.858247748492,-40.0,2.0809942486430315,0.26004396469770663,0.1806609907460671,4.298903136492962,26.95622786357488,0.009965871715539943,0.009965871715539943,65.98769514924831,10.486986956630785,1.5840788301271893,2174.0201243034307,7544,20,37364.291979740796,801918.8582477485,-40.0,-127.18710378927686,7.235538028104337,association_2021-11-04_02:00:02.pkl,27.2968640838086,high,86.0917080202592,12.906858247748492,37.3642919797408,801.9188582477484,0.0,0.0
6,2021-11-04 02:00:46.718248,hf,pair,86038.72400986754,13014.619667671659,-40.0,44.718248148903825,0.25010180776405383,0.16173051393867094,4.343376796509208,27.695718005348706,0.009986424908854286,0.009986424908854286,67.82307909902975,10.43207001695882,1.6013832661757608,2222.7871035029275,6296,20,37417.27599013246,802026.6196676716,-40.0,-127.18663410429616,7.236514613288568,association_2021-11-04_02:00:02.pkl,28.03422404541012,high,86.03872400986754,13.01461966767166,37.41727599013246,802.0266196676716,0.7106209,0.011843681666666666
0,2021-11-04 02:00:30.328380,lf,pair,36965.96054106919,22411.524155983112,-40.0,28.3283804835406,0.19452381566360272,0.11661829839293782,1.4444754033689882,3.956838806998043,0.001009516358871914,0.001009516358871914,9.830612047932794,3.1090379108206028,1.7523386286241651,96.01883846593898,21789,20,86490.03945893081,811423.5241559831,-40.0,-126.74388688699467,7.325202576502948,association_2021-11-04_02:00:02.pkl,4.212253854589452,high,36.96596054106919,22.411524155983113,86.49003945893081,811.4235241559832,0.43745643333333334,0.007290940555555556
1,2021-11-04 02:00:25.464425,lf,pair,86048.52340182118,12877.508625970477,-40.0,23.46442480761203,0.39037086854140973,0.20280814842345388,4.400464478468578,27.841681714079694,0.010190111589241147,0.010190111589241147,68.15558141581218,10.73196511355811,1.5844477764736733,2297.8969670657157,8521,20,37407.47659817882,801889.5086259705,-40.0,-127.18671121173391,7.235276840515145,association_2021-11-04_02:00:02.pkl,28.18729019069381,high,86.04852340182117,12.877508625970476,37.407476598178825,801.8895086259705,0.3563905166666667,0.005939841944444445
0,2021-11-04 02:00:06.166012,north,hf,56696.854648373206,28478.091191300726,-40.0,4.166011818369337,0.12637725191879215,0.1069772519133346,4.087547770142143,12.785815173629471,0.0021105101738238216,0.0021105101738238216,32.47621995684139,4.9867699271365336,1.8444930197652092,508.78544480499716,6721,20,66759.1453516268,817490.0911913008,-40.0,-126.92273104798579,7.378429156039373,association_2021-11-04_02:00:02.pkl,13.423304974089191,high,56.696854648373204,28.478091191300727,66.7591453516268,817.4900911913007,0.0347503,0.0005791716666666666
1,2021-11-04 02:00:49.095162,north,hf,56738.22012212857,28542.799815809067,-40.0,47.09516237394053,0.11716174275582658,0.10969204032384468,4.242980801153402,13.393621768715734,0.00221917771054902,0.00221917771054902,34.008470617424294,5.107938645356784,1.8430990170075174,545.7360543175873,6691,20,66717.77987787142,817554.7998158091,-40.0,-126.92311014038528,7.379009830154522,association_2021-11-04_02:00:02.pkl,14.049625979447722,high,56.738220122128574,28.542799815809065,66.71777987787142,817.5547998158091,0.7502361333333333,0.012503935555555555
2,2021-11-04 02:00:18.975505,north,hf,72410.54098815432,23755.672680071035,-40.0,16.97550458924462,0.18918771315893568,0.1273119149461544,125.00746990810578,383.6093260070054,0.26432469528640196,0.26432469528640196,983.1149832936527,93.7731216220449,1.872998117115157,289622.6755697446,744,20,51045.45901184568,812767.6726800711,-40.0,-127.06438062820975,7.334547849501748,association_2021-11-04_02:00:02.pkl,403.4637313716995,high,72.41054098815431,23.755672680071036,51.045459011845686,812.7676726800711,0.24824185,0.004137364166666667
0,2021-11-04 02:00:28.034330,north,lf,56696.40640322006,28490.701370922357,-40.0,26.03432950125326,0.12020304372550368,0.11090953815953083,4.282135680902135,13.775931499315977,0.0022304738880497637,0.0022304738880497637,34.9313505114646,5.167423045847087,1.8379293876115543,567.0733881990766,6613,20,66759.59359677995,817502.7013709224,-40.0,-126.92272799978059,7.378542992036543,association_2021-11-04_02:00:02.pkl,14.426121261915878,high,56.69640640322006,28.49070137092236,66.75959359677995,817.5027013709224,0.39922226666666666,0.006653704444444445
0,2021-11-04 02:01:37.279872,hf,pair,82757.63073876215,12690.027685823869,-40.0,45.279871769378666,0.2368277764807779,0.16523263841899993,3.14246498879305,10.517752755020155,0.00408420500291735,0.00408420500291735,25.93934815122027,7.007921662700522,1.4434843794509362,571.0816022858548,13114,20,40698.36926123785,801702.0276858239,-40.0,-127.15696498279083,7.233858161772897,association_2021-11-04_02:00:52.pkl,10.977167632022576,high,82.75763073876215,12.690027685823868,40.69836926123785,801.7020276858239,1.5533146333333332,0.02588857722222222
1,2021-11-04 02:00:55.031951,hf,pair,83363.0705821437,16118.675709416246,-40.0,3.0319511935239762,1.5522123670992403,0.7958371700113818,16.47040874766861,32.69465204256975,0.007863550500577606,0.007863550500577606,84.4702297096129,29.910345583261392,1.2215581270477927,7937.339906097627,12078,20,40092.9294178563,805130.6757094163,-40.0,-127.16271922873197,7.264740882931468,association_2021-11-04_02:00:52.pkl,36.60894202923637,high,83.3630705821437,16.118675709416245,40.0929294178563,805.1306757094163,0.8491826166666667,0.014153043611111112
2,2021-11-04 02:01:28.947104,hf,pair,86034.34551086657,12796.151496763956,-40.0,36.9471036464848,0.38147325600334503,0.21356858599006837,4.7561633215711705,30.37588801967624,0.011540425090375617,0.011540425090375617,74.38966734481302,11.401871345296827,1.602793904100386,2664.640506940619,8613,20,37421.654489133434,801808.1514967639,-40.0,-127.18657635188916,7.234544050147183,association_2021-11-04_02:00:52.pkl,30.74598612055514,high,86.03434551086657,12.796151496763956,37.42165448913343,801.8081514967639,1.4144351666666668,0.023573919444444445
0,2021-11-04 02:01:13.482680,lf,pair,37020.624674588486,22344.432748285228,-40.0,21.482679940413192,0.23467193597675595,0.1365184200025867,2.751821886643527,5.655268541588337,0.0018916367461395958,0.0018916367461395958,14.328788211555285,5.628119394868057,1.8554625917634817,253.35100899708632,12102,20,86435.37532541151,811356.4327482852,-40.0,-126.74437602998368,7.324592865461305,association_2021-11-04_02:00:52.pkl,6.289243672596016,high,37.02062467458848,22.34443274828523,86.43537532541151,811.3564327482852,1.1566947666666667,0.019278246111111112
0,2021-11-04 02:01:32.527726,north,hf,56814.192024377015,28534.420745282598,-40.0,40.52772568017532,0.1604744583767798,0.10766413637200954,3.83196878697754,12.328304758171749,0.001985130282618099,0.001985130282618099,31.24707519948352,4.7142524612964944,1.8364232026165976,462.7773360530425,7464,20,66641.80797562299,817546.4207452826,-40.0,-126.92379625297245,7.378928174141315,association_2021-11-04_02:00:52.pkl,12.910115529875412,high,56.814192024377014,28.5344207452826,66.64180797562298,817.5464207452826,1.4741122,0.024568536666666665
1,2021-11-04 02:01:06.946560,north,hf,52331.44793435352,23144.088413857375,-40.0,14.94655984820967,0.3588189278606228,0.3096611615193951,8.654764298729516,27.81193173400923,0.009136567339802209,0.009136567339802209,68.91255310106456,18.283036548674,1.7325629843467867,3958.189116004154,5267,20,71124.55206564648,812156.0884138574,-40.0,-126.88284820896284,7.330635388572125,association_2021-11-04_02:00:52.pkl,29.12745254641663,high,52.33144793435352,23.144088413857375,71.12455206564648,812.1560884138573,1.0477594333333333,0.017462657222222223
0,2021-11-04 02:01:40.313023,north,lf,77542.06789978675,28430.226182202823,-40.0,48.31302309321108,0.2096954386659016,0.15010120964147278,346.9181794439251,35.35499377804676,0.23179945497981752,0.23179945497981752,851.1620958757759,64.01835351845834,-3.0729310058951773,171185.3709872683,4409,20,45913.93210021325,817442.2261822028,-40.0,-127.11114393764436,7.376301131801861,association_2021-11-04_02:00:52.pkl,348.71506823441564,high,77.54206789978674,28.430226182202823,45.91393210021325,817.4422261822028,1.60386715,0.026731119166666664
0,2021-11-04 02:01:09.046605,south,lf,85935.71484134097,13100.539899063826,-40.0,17.046604555077945,0.23810066172644595,0.15453791595968802,3.72042177421796,24.965004963430516,0.008506752779677242,0.008506752779677242,61.11238746127927,9.077240076826444,1.5828973074273096,1742.7413873465757,6301,20,37520.285158659026,802112.5398990639,-40.0,-127.1857106655715,7.23729831835959,association_2021-11-04_02:00:52.pkl,25.240701476032424,high,85.93571484134097,13.100539899063826,37.52028515865903,802.1125398990639,1.0827601833333333,0.018046003055555555
0,2021-11-04 02:02:12.119350,hf,pair,86049.35045576071,12045.886555498357,-40.0,30.11935005659383,0.31073109805178856,0.22382359605048668,4.765406131069969,20.61537135587097,0.009095339325624069,0.009095339325624069,50.660500241676935,10.76606524907195,1.66160516098048,1713.4694045839326,14863,20,37406.64954423929,801057.8865554983,-40.0,-127.18664945310101,7.227774228986877,association_2021-11-04_02:01:42.pkl,21.15898465745709,high,86.0493504557607,12.045886555498356,37.40664954423929,801.0578865554984,2.1339726,0.03556621
1,2021-11-04 02:02:30.716387,hf,pair,89202.78474007256,13309.302292865974,-40.0,48.71638703228208,0.31949820604528645,0.21750492755287507,8.76380410457843,30.037206207889547,0.012033306207221324,0.012033306207221324,75.09406214440602,15.058333663200765,1.7799880590488455,3552.48609288461,6242,20,34253.21525992744,802321.3022928659,-40.0,-127.2152427106185,7.238908909745698,association_2021-11-04_02:01:42.pkl,31.28958323721657,high,89.20278474007256,13.309302292865974,34.253215259927444,802.3213022928659,2.4439232166666667,0.04073205361111111
2,2021-11-04 02:02:11.159553,hf,pair,77031.55230952805,18113.09216479174,-40.0,29.15955336203829,0.6652695215860664,0.4929675698757345,33.77518920942926,30.961866051780014,0.02374078106914812,0.02374078106914812,97.75388509002761,54.978740877807105,2.4401003944730766,16884.130061422013,5547,20,46424.44769047195,807125.0921647918,-40.0,-127.10567605832546,7.283257641706709,association_2021-11-04_02:01:42.pkl,45.819216007490944,high,77.03155230952805,18.113092164791738,46.42444769047195,807.1250921647918,2.1179759833333334,0.03529959972222222
0,2021-11-04 02:02:25.513122,lf,pair,75695.391321953,26275.590903419536,-40.0,43.513121522546754,0.3626787524199793,0.2822571438225261,8.25824948532871,9.445055570460108,0.005238604833452418,0.005238604833452418,27.489924926344827,13.689668979771824,0.8970806923467193,1182.2691938105527,12610,20,47760.60867804701,815287.5909034195,-40.0,-127.09427518390126,7.35701420151525,association_2021-11-04_02:01:42.pkl,12.546224901977942,high,75.695391321953,26.275590903419534,47.76060867804701,815.2875909034195,2.3572021333333333,0.03928670222222222
1,2021-11-04 02:01:39.452363,lf,pair,150797.63440529667,72241.19144971999,-40.0,-2.5476371282564054,1.9264824322670808,1.7978070274692872,8470.115942748556,5391.029128645711,6.751200127520361,6.751200127520361,24556.490358063864,977.0930468867347,-2.5755244839731906,75379298.68427439,5546,20,-27341.634405296674,861253.19144972,-40.0,-127.77726861016477,7.764632807218031,association_2021-11-04_02:01:42.pkl,10040.222066742837,low,150.79763440529666,72.24119144971999,-27.341634405296674,861.2531914497199,1.5895228166666666,0.026492046944444445
0,2021-11-04 02:02:43.192974,north,hf,73939.16819093618,22493.366950699346,-40.0,61.19297378848162,0.19466768946285182,0.15952401749416742,332.4156955905701,430.10924611202944,0.36176827947351914,0.36176827947351914,1326.4230057233722,105.09416261692606,2.2271237261744368,437935.8641152458,1636,20,49516.83180906382,811505.3669506994,-40.0,-127.07809165550536,7.323033008691536,association_2021-11-04_02:01:42.pkl,543.5937437701256,high,73.93916819093619,22.493366950699347,49.516831809063824,811.5053669506993,2.651866333333333,0.044197772222222216
1,2021-11-04 02:01:59.342299,north,hf,78542.49803851484,16166.056758725816,-40.0,17.342299190392662,0.43499645667758097,0.23914670107239933,203.3112214353653,175.52313814132347,0.17657508036441846,0.17657508036441846,655.055700542686,56.11771267382446,2.4305055716208552,115485.66093602277,5966,20,44913.50196148516,805178.0567587258,-40.0,-127.11916834770898,7.265566569235157,association_2021-11-04_02:01:42.pkl,268.59602525822726,high,78.54249803851484,16.166056758725816,44.91350196148516,805.1780567587258,1.92102175,0.03201702916666667
2,2021-11-04 02:01:51.470899,north,hf,78472.84695172103,8243.223915838451,-40.0,9.470898640972722,0.4969745380625467,0.40618515825444634,201.89324098782888,219.7114521379937,0.19270168450167213,0.19270168450167213,726.2932357272985,77.08571814334168,2.3129919706984454,175887.83160308003,4820,20,44983.15304827897,797255.2239158384,-40.0,-127.1178903856367,7.1940895966928675,association_2021-11-04_02:01:42.pkl,298.38566144698615,high,78.47284695172104,8.24322391583845,44.983153048278965,797.2552239158384,1.78983175,0.029830529166666668
3,2021-11-04 02:02:13.754775,north,hf,67707.1865699876,28409.986547013625,-40.0,31.754774580815386,0.6087673102745403,0.48872927340690503,16.17258732761258,31.081786729662547,0.010999125379887046,0.010999125379887046,77.27926821499733,37.191620141947034,1.7723274692415765,9029.38084254256,4812,20,55748.81343001239,817421.9865470136,-40.0,-127.02225184403177,7.376928563538427,association_2021-11-04_02:01:42.pkl,35.03755195754238,high,67.70718656998761,28.409986547013624,55.74881343001239,817.4219865470136,2.161229683333333,0.03602049472222222
0,2021-11-04 02:01:39.864975,north,lf,78210.79391024575,28583.788653979613,-40.0,-2.13502516669848,0.34259587654200324,0.17508264321213188,396.26808851897056,39.88271091202732,0.2653015760181179,0.2653015760181179,972.4028146055089,69.23187524433617,-3.070572562309714,211496.0083556404,5904,20,45245.206089754254,817595.7886539797,-40.0,-127.11720053434836,7.377630902405235,association_2021-11-04_02:01:42.pkl,398.2700448290971,high,78.21079391024574,28.583788653979614,45.245206089754255,817.5957886539796,1.5963996833333334,0.02660666138888889
0,2021-11-04 02:01:55.497026,south,hf,82760.57204275596,12707.590351180203,-40.0,13.497026011190131,0.1887167035703219,0.14574971222662228,3.2312940296717527,10.923975401139215,0.004209052311023362,0.004209052311023362,26.90974755333151,7.307858818611937,1.4537073340490843,617.8024764543076,8625,20,40695.42795724404,801719.5903511802,-40.0,-127.15699300784465,7.234016367861626,association_2021-11-04_02:01:42.pkl,11.39186111532646,high,82.76057204275595,12.707590351180203,40.69542795724404,801.7195903511802,1.8569338666666666,0.030948897777777776
1,2021-11-04 02:02:06.480758,south,hf,71700.76598519835,20929.657369403634,-40.0,24.480757859401454,0.3318004261693229,0.2883466276514059,11.273426844447137,70.12376933027073,0.018278938032021894,0.018278938032021894,171.7661300114055,26.831681396452367,1.6087841576672441,14478.890776601776,5029,20,51755.23401480165,809941.6573694036,-40.0,-127.05773513090281,7.3091067267765855,association_2021-11-04_02:01:42.pkl,71.02417319407611,high,71.70076598519834,20.929657369403635,51.75523401480165,809.9416573694036,2.0399960666666668,0.03399993444444445
2,2021-11-04 02:02:14.759504,south,hf,83468.43095218105,13521.66326358874,-40.0,32.75950440360369,0.18232361876579214,0.11879837141737692,34.29894966855436,123.63936264818092,0.040862615262137414,0.040862615262137414,311.8687068544948,37.095137848577785,1.3251080623082285,36344.49689930586,1782,20,39987.56904781895,802533.6632635888,-40.0,-127.16345550387805,7.241302312246031,association_2021-11-04_02:01:42.pkl,128.30865108952872,high,83.46843095218105,13.52166326358874,39.98756904781895,802.5336632635888,2.1779751666666667,0.03629958611111111
3,2021-11-04 02:02:21.650512,south,hf,64201.61307888395,15289.781623443852,-40.0,39.65051248498707,0.444671011191554,0.4275614491141916,15.310503553493177,35.171611051266524,0.011853330718376836,0.011853330718376836,88.13471618298502,32.379541955640654,1.8030677321017752,8965.356918721951,3587,20,59254.38692111605,804301.7816234438,-40.0,-126.98951149204206,7.258819321110508,association_2021-11-04_02:01:42.pkl,38.3595326223235,high,64.20161307888395,15.289781623443853,59.25438692111605,804.3017816234438,2.2928252999999996,0.038213754999999995
0,2021-11-04 02:01:52.227603,south,lf,85902.38324611919,12926.436200580201,-40.0,10.227603052429851,0.2599950064245305,0.15640784975113714,4.290078013882049,28.22873102292926,0.010349086539518382,0.010349086539518382,69.1132511828058,10.392112074840714,1.5928754131537337,2256.3944235575236,5270,20,37553.61675388081,801938.4362005802,-40.0,-127.18539504453531,7.235730398559107,association_2021-11-04_02:01:42.pkl,28.55286368352714,high,85.90238324611919,12.926436200580202,37.55361675388081,801.9384362005802,1.8024434833333334,0.030040724722222224
0,2021-11-04 02:02:53.922034,hf,pair,82937.90798326259,12465.061933518664,-40.0,21.922034475794465,0.2960342317619611,0.17844630792248617,3.0670886854181028,11.482818799069504,0.004448869858801576,0.004448869858801576,28.32813061471682,6.624518308331591,1.442191176186102,589.5519682026026,15507,20,40518.09201673741,801477.0619335186,-40.0,-127.15857506932082,7.2318136544502005,association_2021-11-04_02:02:32.pkl,11.8853759122917,high,82.93790798326259,12.465061933518664,40.51809201673741,801.4770619335186,2.8306839999999998,0.047178066666666664
1,2021-11-04 02:03:13.574529,hf,pair,82807.39865229154,12446.953787209863,-40.0,41.574529207710285,0.2565275971738921,0.1768209031630402,3.397556436041664,11.297179648385601,0.004614768571672468,0.004614768571672468,27.858568781155554,7.598040265217633,1.4443116135814429,664.9825736431485,13394,20,40648.60134770846,801458.9537872098,-40.0,-127.15739450769291,7.231661060088866,association_2021-11-04_02:02:32.pkl,11.797019019395787,high,82.80739865229154,12.446953787209862,40.648601347708464,801.4589537872098,3.1582255833333335,0.052637093055555556
2,2021-11-04 02:02:52.111830,hf,pair,92389.49220006018,10308.448844349035,-40.0,20.111829816228234,0.8449749447380457,0.33359889490413547,29.358343459595275,98.70296223088485,0.06357951102779874,0.06357951102779874,242.37403450480977,69.20576826831139,1.65422487473311,52696.07383953675,4582,20,31066.50779993982,799320.448844349,-40.0,-127.24377727394939,7.211570576674052,association_2021-11-04_02:02:32.pkl,102.97663367892272,high,92.38949220006018,10.308448844349035,31.06650779993982,799.320448844349,2.8005139333333333,0.046675232222222224
3,2021-11-04 02:02:16.214854,hf,pair,127264.58074579944,67566.57550477424,-40.0,-15.785146391515552,1.6567255957651483,0.9276719074349317,2996.6904400433505,2156.9462523772463,2.481358045712601,2.481358045712601,9028.254240938037,411.93393921574005,-2.5184156137743243,11683722.357160648,7895,20,-3808.580745799438,856578.5755047742,-40.0,-127.56409733961337,7.724825168344911,association_2021-11-04_02:02:32.pkl,3692.23113159123,low,127.26458074579944,67.56657550477425,-3.808580745799438,856.5785755047742,2.202231,0.036703849999999996
0,2021-11-04 02:03:03.100697,lf,pair,84090.11307962463,28258.294240276235,-40.0,31.10069678376994,0.28935598453471234,0.19699046849723495,8.721837472985897,11.646225020646005,0.006683022447361255,0.006683022447361255,33.942774465429046,10.784762412883515,0.961273264372686,1150.026355236662,12896,20,39365.88692037537,817270.2942402762,-40.0,-127.1703068715972,7.374200922420756,association_2021-11-04_02:02:32.pkl,14.550086121281279,high,84.09011307962463,28.258294240276236,39.365886920375374,817.2702942402763,2.9836617166666666,0.049727695277777775
1,2021-11-04 02:03:20.538322,lf,pair,85709.6466315102,12686.692032004454,-40.0,48.53832168800938,0.3081192219819805,0.17678634857426936,4.121272447576544,22.48010335667034,0.008763519311357926,0.008763519311357926,55.036505507824764,10.028173047642062,1.5910413219855546,1733.8939980371788,8499,20,37746.3533684898,801698.6920320045,-40.0,-127.1836338897737,7.2335835436462705,association_2021-11-04_02:02:32.pkl,22.854757349701497,high,85.7096466315102,12.686692032004453,37.7463533684898,801.6986920320045,3.2742888,0.05457148
2,2021-11-04 02:02:31.748338,lf,pair,90642.40439208999,9836.533570686177,-40.0,-0.25166218878774715,0.4985290175883191,0.5038997623838414,25.150980406576593,103.04893382287807,0.0570461530723079,0.0570461530723079,252.29180157368535,61.34114733003085,1.5921466825258213,48618.875008973635,4680,20,32813.595607910014,798848.5335706861,-40.0,-127.2279562360796,7.2074599222773745,association_2021-11-04_02:02:32.pkl,106.07381664408943,high,90.64240439208999,9.836533570686177,32.81359560791002,798.8485335706861,2.4611224000000003,0.04101870666666667
0,2021-11-04 02:02:47.349189,north,hf,74113.32687474787,28121.14054226735,-40.0,15.34918929602688,0.5109559684166328,0.4054826700955304,403.1262930615089,87.89056962300812,0.26743786982108775,0.26743786982108775,994.8619160067313,173.81050828478354,-3.0118060418704884,543236.2072300257,3295,20,49342.67312525213,817133.1405422674,-40.0,-127.08012956520734,7.373796741716004,association_2021-11-04_02:02:32.pkl,412.5961226019585,high,74.11332687474787,28.121140542267348,49.34267312525213,817.1331405422674,2.721136583333333,0.04535227638888888
1,2021-11-04 02:03:27.927428,north,hf,77505.72755221301,28054.02014620378,-40.0,55.92742793791506,0.2811150892179861,0.19586445679043754,695.9573094492112,49.06463659861177,0.4644369559775932,0.4644369559775932,1704.1988036106852,110.15978461637695,-3.1134604822581697,589784.2991934078,2585,20,45950.27244778699,817066.0201462038,-40.0,-127.11078413528662,7.3729098787646405,association_2021-11-04_02:02:32.pkl,697.6846817440805,high,77.505727552213,28.05402014620378,45.95027244778699,817.0660201462038,3.3974405666666665,0.05662400944444444
0,2021-11-04 02:02:45.641830,south,hf,78796.4916008686,22357.698958417164,-40.0,13.64182999995108,0.3481078354079326,0.27004701877028187,93.15168576997468,107.17013238226453,0.08010849471176026,0.08010849471176026,338.0185765599562,80.91592777316843,0.8638242819015984,85925.97312897227,5318,20,44659.5083991314,811369.6989584172,-40.0,-127.12197513765939,7.321408548115321,association_2021-11-04_02:02:32.pkl,141.9953303338536,high,78.79649160086859,22.357698958417163,44.659508399131404,811.3696989584172,2.6926806,0.04487801
0,2021-11-04 02:04:02.368783,hf,pair,37200.740485338814,22278.23573588641,-40.0,40.36878273413773,0.22229987475484855,0.13332711079317952,1.611323875549067,4.064171143444277,0.001085128899953512,0.001085128899953512,10.081712400221118,3.5887379381958247,1.745345336717173,113.6647818464623,21637,20,86255.25951466119,811290.2357358864,-40.0,-126.74599941043431,7.323981777473284,association_2021-11-04_02:03:22.pkl,4.371939125276063,high,37.20074048533881,22.278235735886412,86.25525951466119,811.2902357358864,3.97146315,0.0661910525
1,2021-11-04 02:04:23.089956,hf,pair,37243.365116257664,22292.464723487785,-40.0,61.08995644528614,0.11851671034036511,0.10865310579923823,2.3585582313418088,5.831094458340659,0.0014270569665901403,0.0014270569665901403,14.610151873459781,4.857213062075684,1.7992353045121523,222.94193048626747,7695,20,86212.63488374234,811304.4647234877,-40.0,-126.74638584050578,7.324107002181122,association_2021-11-04_02:03:22.pkl,6.290028578052833,high,37.243365116257664,22.292464723487786,86.21263488374234,811.3044647234877,4.316816033333334,0.0719469338888889
0,2021-11-04 02:03:41.887220,lf,pair,37155.446206953246,22385.91963395615,-40.0,19.887220045078553,0.19054238975264282,0.11532948402479745,1.4583232499297873,3.8631640702008188,0.0009955110322524732,0.0009955110322524732,9.59547109273437,3.175824097687223,1.751777391163464,95.73541271467668,20610,20,86300.55379304675,811397.9196339562,-40.0,-126.74559804410788,7.32495718651992,association_2021-11-04_02:03:22.pkl,4.129254573718644,high,37.15544620695324,22.38591963395615,86.30055379304676,811.3979196339561,3.6301037666666667,0.060501729444444444
0,2021-11-04 02:03:46.603874,north,hf,79333.3501543822,18244.71968692006,-40.0,24.603874328660403,0.2844436938086882,0.2204243773758324,422.8241211894767,309.35731982402734,0.3479343453025659,0.3479343453025659,1279.4926051397213,86.307452348106,2.5113945974462126,346925.28206330625,3962,20,44122.649845617794,807256.71968692,-40.0,-127.12648560911927,7.284255749028303,association_2021-11-04_02:03:22.pkl,523.9104778379211,high,79.3333501543822,18.24471968692006,44.122649845617794,807.2567196869201,3.7087146666666664,0.061811911111111104
1,2021-11-04 02:04:09.139067,north,hf,77044.47904522195,28030.426383192374,-40.0,47.1390674727944,0.22349547474704978,0.16957804182449723,427.90651495902546,32.08513932841237,0.2857218732010347,0.2857218732010347,1047.4811537313335,77.53850992072306,-3.1296460946613656,255160.55691550623,3705,20,46411.520954778054,817042.4263831924,-40.0,-127.1066135307685,7.372735368893346,association_2021-11-04_02:03:22.pkl,429.1077273950008,high,77.04447904522195,28.030426383192374,46.411520954778055,817.0424263831924,4.084301216666667,0.06807168694444445
2,2021-11-04 02:03:50.887498,north,hf,74500.73625545893,20263.54697857662,-40.0,28.88749789151683,0.9785428139607952,0.4401216900198719,650.6227075124358,526.1870080791497,0.5334679968442633,0.5334679968442633,2035.1296044924713,231.01334743392073,2.4643363061933785,1476994.975029519,686,20,48955.263744541066,809275.5469785766,-40.0,-127.08298346886991,7.302867863696283,association_2021-11-04_02:03:22.pkl,836.7691886070494,medium,74.50073625545893,20.26354697857662,48.955263744541064,809.2755469785766,3.7801084,0.06300180666666667
3,2021-11-04 02:03:33.004792,north,hf,80746.57875869852,11298.811308354634,-40.0,11.004791563519005,0.48330717575202975,0.420058272622876,440.0730043376746,402.4922101435675,0.3919819602385411,0.3919819602385411,1454.37856320632,125.42970085872543,2.4014376197217313,573096.4573716752,3535,20,42709.421241301476,800310.8113083546,-40.0,-127.13868172155193,7.2214721169869085,association_2021-11-04_02:03:22.pkl,596.3759119658009,high,80.74657875869852,11.298811308354635,42.70942124130148,800.3108113083546,3.4820633,0.05803438833333333
0,2021-11-04 02:04:15.179157,north,lf,56896.90277341405,28927.215183284818,-40.0,53.17915658133058,0.10849871480792987,0.10453170890517476,4.4438803889258125,15.183526491950934,0.002650547009357435,0.002650547009357435,38.39740288983237,5.0227912144133455,1.827046565676473,605.8942755550543,6199,20,66559.09722658596,817939.2151832848,-40.0,-126.92457524499822,7.38246635723958,association_2021-11-04_02:03:22.pkl,15.82047880573958,high,56.89690277341405,28.92721518328482,66.55909722658596,817.9392151832849,4.184969383333334,0.06974948972222222
1,2021-11-04 02:03:49.189644,north,lf,76578.93847732246,28025.951044209603,-40.0,27.189643555605723,0.16981663715294507,0.13416528006639503,305.6460752767766,26.74469628205198,0.20302462323789425,0.20302462323789425,748.5231694480944,60.97863804936593,-3.1096646111013113,143394.61450149544,2979,20,46877.06152267754,817037.9510442097,-40.0,-127.10240570756652,7.3727336703175395,association_2021-11-04_02:03:22.pkl,306.8139535798791,high,76.57893847732245,28.025951044209602,46.87706152267754,817.0379510442096,3.7518108333333333,0.06253018055555555
0,2021-11-04 02:03:38.830398,south,hf,87865.29222258068,10992.206413353371,-40.0,16.83039772426412,0.28788792900048993,0.17727585790680137,8.4865843717169,33.98720981702377,0.01672806506257238,0.01672806506257238,84.6196368907488,13.854891641685954,1.7572869270866458,3683.190346162229,6410,20,35590.70777741932,800004.2064133533,-40.0,-127.20296639875586,7.218117389706078,association_2021-11-04_02:03:22.pkl,35.03073715245893,high,87.86529222258068,10.99220641335337,35.59070777741932,800.0042064133534,3.5791567333333334,0.05965261222222222
1,2021-11-04 02:03:23.879974,south,hf,85904.51586624303,20279.137513688227,-40.0,1.8799737383431547,0.38786764243154703,0.3097443514120038,16.9324170028644,28.31573851002323,0.01219786694618848,0.01219786694618848,76.03100833723433,27.219878627664027,1.1149045239108928,6501.698215189831,4740,20,37551.48413375697,809291.1375136882,-40.0,-127.18602945923968,7.302063157612581,association_2021-11-04_02:03:22.pkl,32.992238374001,high,85.90451586624303,20.279137513688227,37.551484133756965,809.2911375136882,3.329983,0.055499716666666664
0,2021-11-04 02:04:43.882339,hf,pair,37201.86741059121,22239.09900083498,-40.0,31.882339191797172,0.20500511826636894,0.12928230225335574,1.5988223212050177,4.21371184657171,0.0010692526319125574,0.0010692526319125574,10.466918150405556,3.4842298674418615,1.7523450432910121,114.57121007751309,21078,20,86254.1325894088,811251.099000835,-40.0,-126.74600664540918,7.3236284293471625,association_2021-11-04_02:04:12.pkl,4.506839284989223,high,37.201867410591205,22.23909900083498,86.2541325894088,811.251099000835,4.66335575,0.07772259583333334
0,2021-11-04 02:04:23.370923,lf,pair,37179.677598295995,22356.42611326918,-40.0,11.370922553693505,0.19874437403760517,0.11448886687720884,1.4128663162773638,3.841367785103344,0.0009706330129805857,0.0009706330129805857,9.527694527931196,3.0973915902393876,1.7423627615390882,92.71154364380753,21058,20,86276.322401704,811368.4261132692,-40.0,-126.74581488754384,7.3246891408939625,association_2021-11-04_02:04:12.pkl,4.092957083588947,high,37.179677598295996,22.35642611326918,86.27632240170401,811.3684261132692,4.321498816666666,0.07202498027777776
1,2021-11-04 02:05:04.640364,lf,pair,37189.282136050424,22291.944970745317,-40.0,52.64036429348353,0.12696195227835141,0.11098965983431028,1.5137795151302231,3.9935957953561707,0.0010036978875640735,0.0010036978875640735,9.913183641787304,3.3189027313188886,1.7481028164467103,103.36120143562485,17245,20,86266.71786394957,811303.9449707454,-40.0,-126.7458968534669,7.3241063855866075,association_2021-11-04_02:04:12.pkl,4.2708706134832015,high,37.18928213605042,22.291944970745316,86.26671786394957,811.3039449707453,5.009322833333333,0.08348871388888889
0,2021-11-04 02:04:36.030581,north,hf,56940.073954286025,28948.998430248554,-40.0,24.0305805042975,0.09981324861281347,0.08983873593005853,3.527652311091926,12.198996119534621,0.0021097511574069004,0.0021097511574069004,30.815605983680864,4.071980479985203,1.8227338428303117,394.2087616217229,6902,20,66515.92604571398,817960.9984302486,-40.0,-126.92496724751838,7.382659504650001,association_2021-11-04_02:04:12.pkl,12.698812430789461,high,56.94007395428603,28.948998430248555,66.51592604571398,817.9609984302485,4.532493116666667,0.07554155194444445
1,2021-11-04 02:05:10.505774,north,hf,71850.5148077648,25050.981528585195,-40.0,58.505773615208106,0.21851036239050717,0.17115226977173545,28.972178999445696,35.7733678400741,0.027121526249952742,0.027121526249952742,107.57689523937387,33.523871625300686,2.228564685102793,11329.8209775705,2363,20,51605.485192235195,814062.9815285852,-40.0,-127.05942554848048,7.3462812172289915,association_2021-11-04_02:04:12.pkl,46.033911441427286,high,71.85051480776481,25.050981528585194,51.60548519223519,814.0629815285852,5.1070796666666665,0.08511799444444444
2,2021-11-04 02:04:45.017563,north,hf,74749.01693722668,13574.389830666618,-40.0,33.01756343969175,0.5004071167157846,0.4207937135569634,174.83162891667962,216.9669226715725,0.1762567723535511,0.1762567723535511,678.5995622367294,68.44267118229838,2.2468255655630065,145911.7945077046,4442,20,48706.98306277332,802586.3898306666,-40.0,-127.0846806103584,7.242493092541814,association_2021-11-04_02:04:12.pkl,278.6408871706227,high,74.74901693722668,13.574389830666618,48.70698306277332,802.5863898306666,4.682276150000001,0.07803793583333335
3,2021-11-04 02:04:58.367989,north,hf,75195.71316355937,8182.483889955221,-40.0,46.36798934833917,0.4873259420229462,0.4410728722268504,508.5638835160227,590.2923588502427,0.5040128226176224,0.5040128226176224,1897.7350152563856,189.50948462712384,2.280448231100789,1129838.563959747,970,20,48260.28683644063,797194.4838899552,-40.0,-127.08827913921817,7.193807193751695,association_2021-11-04_02:04:12.pkl,779.1548578645214,medium,75.19571316355938,8.18248388995522,48.260286836440635,797.1944838899552,4.9047832499999995,0.08174638749999999
0,2021-11-04 02:04:15.178683,north,lf,56887.597794768946,28949.393283401016,-40.0,3.178682748272024,0.13534295031413568,0.10953301202199762,4.612054657477498,16.19937385492027,0.0027906293365137272,0.0027906293365137272,40.900175198453205,5.186406109796865,1.8205439346467975,666.4100857318014,6383,20,66568.40220523105,817961.393283401,-40.0,-126.92449289557109,7.382667242942967,association_2021-11-04_02:04:12.pkl,16.843122081580788,high,56.88759779476894,28.949393283401015,66.56840220523105,817.961393283401,4.184961483333334,0.06974935805555556
1,2021-11-04 02:04:59.050204,north,lf,56904.85920269386,29204.23576466019,-40.0,47.0502035237307,0.14128054543682614,0.1270550626960117,4.988355975058156,14.998019208105202,0.0033704110353038786,0.0033704110353038786,37.85752362817342,7.9762895139920325,1.8232810537497892,948.6433876161591,5171,20,66551.14079730614,818216.2357646602,-40.0,-126.92466925112045,7.38496568588275,association_2021-11-04_02:04:12.pkl,15.805830427427436,high,56.904859202693856,29.20423576466019,66.55114079730615,818.2162357646602,4.916153499999999,0.08193589166666665
2,2021-11-04 02:04:30.816622,north,lf,75849.30887611548,28096.9118610603,-40.0,18.816622265027625,0.1696840071179764,0.1181770692447263,178.7215881511557,20.783978250366467,0.11834834655250119,0.11834834655250119,438.23887210896123,43.710964909589066,-3.081865014757477,60179.858660475904,3616,20,47606.69112388452,817108.9118610603,-40.0,-127.09581732805552,7.373434461594258,association_2021-11-04_02:04:12.pkl,179.92603986967262,high,75.84930887611549,28.0969118610603,47.606691123884524,817.1089118610603,4.4455938,0.07409323
3,2021-11-04 02:05:14.901996,north,lf,71603.93952863144,26124.239978787245,-40.0,62.90199604899859,0.13937730194294118,0.13593541955688987,10.672861812264548,30.10415600055643,0.015407100528772262,0.015407100528772262,73.98408716243915,25.271888706193884,1.6661403407047701,5873.891129221615,2372,20,51852.06047136856,815136.2399787873,-40.0,-127.05728509551466,7.355985421749862,association_2021-11-04_02:04:12.pkl,31.940103127096076,high,71.60393952863144,26.124239978787244,51.85206047136856,815.1362399787872,5.180350033333334,0.08633916722222224
4,2021-11-04 02:04:48.131236,north,lf,72007.28626589828,22996.45549037495,-40.0,36.131235605373334,0.298099826450113,0.20499979751399386,76.22207216797872,129.58838802616793,0.09462294184380425,0.09462294184380425,362.69211359337316,62.28347986262101,2.085424872132548,70967.72024316298,1492,20,51448.71373410172,812008.4554903749,-40.0,-127.06067406456121,7.327730442328137,association_2021-11-04_02:04:12.pkl,150.34279030535924,high,72.00728626589827,22.99645549037495,51.44871373410172,812.0084554903749,4.734170700000001,0.07890284500000001
0,2021-11-04 02:05:25.559586,hf,pair,37196.68216809483,22296.96452988389,-40.0,23.559586448706646,0.20837726987121033,0.1297000667468965,1.5606597694199646,3.9976898543903525,0.0010483489178500123,0.0010483489178500123,9.921471492940482,3.451130675997231,1.747806347205072,107.5690580359441,21994,20,86259.31783190518,811308.9645298839,-40.0,-126.74596413371032,7.324151136534064,association_2021-11-04_02:05:02.pkl,4.291524564508694,high,37.196682168094824,22.29696452988389,86.25931783190518,811.308964529884,5.357976533333333,0.08929960888888888
1,2021-11-04 02:05:30.380958,hf,pair,79857.869949184,27150.058599051106,-40.0,28.38095816922423,0.3329288621989865,0.25852165391750453,9.769132317902404,14.839555489022676,0.007520221388896118,0.007520221388896118,40.33330123392625,16.261018727670617,1.0758330557052642,2060.4467381668574,6814,20,43598.130050816006,816162.0585990511,-40.0,-127.13196612305403,7.364557963189886,association_2021-11-04_02:05:02.pkl,17.766495246853506,high,79.85786994918399,27.150058599051107,43.598130050816,816.1620585990511,5.438332733333334,0.0906388788888889
0,2021-11-04 02:05:04.622255,lf,pair,37177.67341125374,22340.096327072883,-40.0,2.6222551826928724,0.20237632623509352,0.11296362544381154,1.3984370520241836,3.7539914758941086,0.0009439921089272099,0.0009439921089272099,9.318383468876807,3.0527399248752434,1.7475986688263432,89.36763350891576,21119,20,86278.32658874626,811352.0963270729,-40.0,-126.74579553597114,7.324541892937097,association_2021-11-04_02:05:02.pkl,4.006005265792809,high,37.177673411253735,22.34009632707288,86.27832658874627,811.3520963270729,5.009021016666667,0.08348368361111111
1,2021-11-04 02:05:46.845583,lf,pair,37183.705281471004,22322.89360032395,-40.0,44.84558330907469,0.1998935651197186,0.11455655515826578,1.4435640939712138,3.906286508146453,0.0009720881510938878,0.0009720881510938878,9.693147808383825,3.1547686256535967,1.7453245440190897,96.06876794287083,20229,20,86272.294718529,811334.8936003239,-40.0,-126.74584877019147,7.324386160024905,association_2021-11-04_02:05:02.pkl,4.164486952450439,high,37.183705281471006,22.32289360032395,86.272294718529,811.3348936003239,5.71274315,0.09521238583333333
0,2021-11-04 02:05:20.212375,north,hf,56965.83876466455,29092.404523998783,-40.0,18.212374925039096,0.12040813231341005,0.10678722214160005,3.427080764956119,11.19051348305973,0.0023167654689287467,0.0023167654689287467,28.266137096344725,4.657383283644531,1.8237358886652995,413.5788428817714,7713,20,66490.16123533546,818104.4045239987,-40.0,-126.92521159204468,7.383951616605019,association_2021-11-04_02:05:02.pkl,11.703524024159297,high,56.96583876466455,29.092404523998784,66.49016123533546,818.1044045239987,5.268856349999999,0.08781427249999998
1,2021-11-04 02:06:04.925435,north,hf,57621.432698184915,27165.40544545469,-40.0,62.925434710726165,0.08884480613260821,0.08827482449613415,3.6223554119159727,10.363699305316109,0.0021614453463004893,0.0021614453463004893,26.40859621647317,4.972285119466012,1.8577662613120682,412.5258928255139,4625,20,65834.56730181508,816177.4054454546,-40.0,-126.93098447588916,7.366509401996484,association_2021-11-04_02:05:02.pkl,10.978511830901606,high,57.62143269818492,27.165405445454688,65.83456730181508,816.1774054454546,6.014074016666667,0.10023456694444445
2,2021-11-04 02:06:06.667244,north,hf,37154.89221205021,22553.931271234393,-40.0,64.66724416209615,0.07649214970771577,0.07630151804868433,4.967850286046249,15.52098677087176,0.001927757048447064,0.001927757048447064,39.62197065727313,4.616924480003173,1.860707784667458,574.6967160420139,3788,20,86301.10778794979,811565.9312712344,-40.0,-126.74560571552234,7.326473766498435,association_2021-11-04_02:05:02.pkl,16.296642807834562,high,37.15489221205021,22.553931271234394,86.30110778794979,811.5659312712344,6.043104166666667,0.10071840277777779
0,2021-11-04 02:05:43.895077,north,lf,56970.441071452085,29135.7578718632,-40.0,41.895076636523896,0.11261781896255062,0.10304296252977167,3.2886988188932618,10.776652108779897,0.002257329334495225,0.002257329334495225,27.19735866482097,4.575009767200062,1.8204347576600852,390.9026610054924,7437,20,66485.55892854792,818147.7578718632,-40.0,-126.92525665314753,7.384342490675729,association_2021-11-04_02:05:02.pkl,11.26728763256979,high,56.970441071452086,29.1357578718632,66.48555892854792,818.1477578718632,5.663568049999999,0.09439280083333332
1,2021-11-04 02:05:12.311105,north,lf,76529.16189428835,28263.310248875652,-40.0,10.311105164869543,0.20583091965414332,0.12830367043316315,239.95864486975194,25.627713521634032,0.1593595161397461,0.1593595161397461,588.5813766205287,49.96468956421363,-3.076872796207296,92388.85451751885,3577,20,46926.83810571165,817275.3102488756,-40.0,-127.101975582137,7.374879375638241,association_2021-11-04_02:05:02.pkl,241.32329135016096,high,76.52916189428835,28.26331024887565,46.92683810571165,817.2753102488756,5.137168516666667,0.08561947527777777
2,2021-11-04 02:05:58.627466,north,lf,71626.063412484,25114.32677280111,-40.0,56.62746552106712,0.10415303970839149,0.060240306951743094,9.798124001264021,31.867606850471034,0.01997297079681992,0.01997297079681992,80.17449977129874,15.22654347395529,1.8084288071291656,3835.195070144399,1859,20,51829.936587516,814126.3267728011,-40.0,-127.05740220321965,7.346871155864937,association_2021-11-04_02:05:02.pkl,33.3398800285834,high,71.626063412484,25.11432677280111,51.829936587516,814.1263267728011,5.909107866666667,0.09848513111111111
3,2021-11-04 02:05:27.237325,north,lf,71759.94384331016,16142.476899802065,-40.0,25.237324982939644,0.6082701863227548,0.4494187414875485,302.1865008457629,789.2413415652933,0.5437623198784118,0.5437623198784118,2059.6840069157306,192.1381581470224,1.9265666039534197,1243266.1020938782,1096,20,51696.05615668984,805154.4768998021,-40.0,-127.05788060151302,7.265907061479782,association_2021-11-04_02:05:02.pkl,845.1145345627361,medium,71.75994384331015,16.142476899802066,51.69605615668984,805.1544768998021,5.3859388500000005,0.0897656475
0,2021-11-04 02:05:52.313278,south,hf,38777.566737811634,-8822.929352331585,-40.0,50.313278043381835,0.37476518479324217,0.34999585863583454,63.64798749120209,381.12731833406144,0.24871477015043286,0.24871477015043286,938.4483058347887,117.87684695190414,1.4611620090625765,347527.1492362285,1798,20,84678.43326218837,780189.0706476684,-40.0,-126.75794543735132,7.0431341888647765,association_2021-11-04_02:05:02.pkl,386.40535593103937,high,38.77756673781163,-8.822929352331585,84.67843326218836,780.1890706476685,5.8038714,0.09673119000000001
0,2021-11-04 02:06:06.806790,hf,pair,37225.69042754552,22223.766203673895,-40.0,14.80678972595395,0.20801160642610986,0.13034343794516554,1.570079860771872,3.946576438710877,0.0010432097600879082,0.0010432097600879082,9.784367446871391,3.515091317205153,1.741782459325457,108.04862352589342,21472,20,86230.30957245448,811235.7662036739,-40.0,-126.74622086483299,7.323488234835306,association_2021-11-04_02:05:52.pkl,4.247424673350811,high,37.22569042754552,22.223766203673893,86.23030957245449,811.235766203674,6.045429933333334,0.10075716555555556
1,2021-11-04 02:06:48.040486,hf,pair,37252.48774839229,22187.210227737476,-40.0,56.04048646722447,0.11875024393438742,0.11453087646119377,1.6227139893504317,4.067347221637037,0.0010662116214859084,0.0010662116214859084,10.073297997177404,3.663887539591415,1.7349969016325244,115.94811413786647,15159,20,86203.51225160771,811199.2102277374,-40.0,-126.74646037226898,7.323156247714839,association_2021-11-04_02:05:52.pkl,4.379099692013431,high,37.25248774839229,22.187210227737477,86.2035122516077,811.1992102277375,6.7326582,0.11221097000000001
0,2021-11-04 02:06:27.566424,lf,pair,37203.35586565204,22263.036033143573,-40.0,35.56642375926362,0.20429118296117696,0.11467291353404221,1.3727641131281139,3.527344218583516,0.0009081132915127064,0.0009081132915127064,8.754385335872788,3.032867343396548,1.7478661573045604,83.41207907487937,22222,20,86252.64413434797,811275.0360331435,-40.0,-126.74602190831756,7.323844382067391,association_2021-11-04_02:05:52.pkl,3.785054629284361,high,37.20335586565204,22.263036033143575,86.25264413434796,811.2750360331436,6.3914238333333335,0.10652373055555556
1,2021-11-04 02:06:26.950122,lf,pair,56840.67786742241,29774.824451299948,-40.0,34.95012205580123,0.32372920976533837,0.17966952373617245,3.5441805820789893,10.316522324623552,0.0033410615240440323,0.0033410615240440323,25.789049903922578,6.918117444034452,1.7830825770975294,560.4968106532127,11878,20,66615.3221325776,818786.8244513,-40.0,-126.92413454673346,7.3901200514549314,association_2021-11-04_02:05:52.pkl,10.908338501937035,high,56.840677867422414,29.77482445129995,66.61532213257759,818.7868244512999,6.381152133333333,0.10635253555555554
2,2021-11-04 02:06:33.905993,lf,pair,83704.14921813861,28067.315139744784,-40.0,41.90599305119201,0.24517516254658586,0.15223629733545446,170.81858433677837,43.43561387712154,0.1141215263618813,0.1141215263618813,430.7429525607275,24.273387640486828,-2.898514415276097,32847.206809270625,6643,20,39751.85078186139,817079.3151397448,-40.0,-127.16680275254929,7.372510530931948,association_2021-11-04_02:05:52.pkl,176.25447883019444,high,83.70414921813861,28.067315139744785,39.751850781861386,817.0793151397448,6.497083316666666,0.10828472194444444
0,2021-11-04 02:06:04.965550,north,hf,57005.82744162735,29171.989352209544,-40.0,12.965550315238925,0.11539237108609421,0.1061177017273001,3.2980094021737516,10.728370108177433,0.0022937754865486747,0.0022937754865486747,27.076908248444113,4.6491434672079475,1.820799549337118,395.477603930774,7681,20,66450.17255837265,818183.9893522095,-40.0,-126.92557943500715,7.384666643471181,association_2021-11-04_02:05:52.pkl,11.223849214724044,high,57.005827441627346,29.171989352209543,66.45017255837266,818.1839893522094,6.0147426,0.10024571
1,2021-11-04 02:06:48.082768,north,hf,57045.721684841876,29255.005875208477,-40.0,56.082768238615024,0.10824053500941287,0.10328081416104211,3.283795618178548,10.413767990244937,0.0023535144507063482,0.0023535144507063482,26.308057149198362,4.716748088695674,1.8249941541022598,389.8354517463206,7187,20,66410.27831515812,818267.0058752085,-40.0,-126.92594669960111,7.3854126460575396,association_2021-11-04_02:05:52.pkl,10.91924344524925,high,57.04572168484187,29.255005875208475,66.41027831515812,818.2670058752085,6.7333629,0.112222715
2,2021-11-04 02:06:17.065774,north,hf,76582.92293889141,27401.318010077506,-40.0,25.06577360896994,0.2652374197344478,0.1834967608795551,567.574386455799,49.63870964437231,0.37923554862233505,0.37923554862233505,1390.6068678895376,105.21409083632881,3.0977527655099983,459650.9366073316,2264,20,46873.07706110859,816413.3180100775,-40.0,-127.10238977841813,7.367097594076215,association_2021-11-04_02:05:52.pkl,569.7408934382672,high,76.58292293889141,27.401318010077507,46.87307706110859,816.4133180100774,6.216413,0.10360688333333333
0,2021-11-04 02:05:56.994640,north,lf,76000.93118271192,28197.97233648136,-40.0,4.994639961987355,0.2800348661069188,0.11975087981135861,196.9199152721084,24.15945944065287,0.13037392405769838,0.13037392405769838,483.5792633672997,44.518827660293965,-3.0606671885847603,67633.40637654695,3028,20,47455.06881728808,817209.9723364813,-40.0,-127.09719606957096,7.3743337102004265,association_2021-11-04_02:05:52.pkl,198.39640246546534,high,76.00093118271192,28.19797233648136,47.45506881728808,817.2099723364813,5.8818941,0.09803156833333333
1,2021-11-04 02:05:56.102043,north,lf,69830.7062139185,26039.145818152345,-40.0,4.102043408004854,0.33387822429182923,0.191152951995101,48.52111270391634,166.798783860518,0.10336876055491218,0.10336876055491218,411.33158169300447,107.72910003922273,1.697088140952594,139211.4509692345,412,20,53625.2937860815,815051.1458181523,-40.0,-127.04125154604468,7.355362626247156,association_2021-11-04_02:05:52.pkl,173.71278788671245,high,69.8307062139185,26.039145818152345,53.6252937860815,815.0511458181523,5.867017483333333,0.09778362472222221
0,2021-11-04 02:06:32.315170,south,hf,86526.75742641573,15512.20289110603,-40.0,40.31517020512065,0.4472973977800895,0.36579916260319545,16.720694876489702,46.32357807578089,0.010554248921972839,0.010554248921972839,114.35072332224357,38.15681920307497,1.433027746789621,13707.585170723756,2324,20,36929.24257358427,804524.202891106,-40.0,-127.19125164129538,7.25900598767968,association_2021-11-04_02:05:52.pkl,49.24891392605157,high,86.52675742641573,15.51220289110603,36.92924257358427,804.524202891106,6.4705696,0.10784282666666667
0,2021-11-04 02:06:48.051642,hf,pair,37231.52909806883,22189.648553532028,-40.0,6.051642351477681,0.19169669096492234,0.12474752820578675,1.5140643239060667,3.7939388811072896,0.0009929428505503054,0.0009929428505503054,9.404351699084533,3.3961627636977543,1.7407786656444972,100.33841373907983,21035,20,86224.47090193117,811201.6485535321,-40.0,-126.7462710759099,7.3231798359996745,association_2021-11-04_02:06:42.pkl,4.084894491967053,high,37.23152909806883,22.189648553532027,86.22447090193117,811.2016485535321,6.732844133333333,0.11221406888888888
1,2021-11-04 02:07:29.251682,hf,pair,37252.728290683146,22155.122213947965,-40.0,47.251681784303244,0.18273692282949486,0.12477690996105548,1.5399771886653284,3.812871323120809,0.001012629326018056,0.001012629326018056,9.435984824878263,3.5035645854771067,1.730197020158115,103.85974076361056,19851,20,86203.27170931685,811167.1222139479,-40.0,-126.74646012558144,7.322866590979499,association_2021-11-04_02:06:42.pkl,4.112118367494618,high,37.252728290683145,22.155122213947966,86.20327170931685,811.1671222139479,7.419511466666666,0.12365852444444443
0,2021-11-04 02:07:08.729933,lf,pair,37223.17725917063,22221.59765988867,-40.0,26.72993269756279,0.19077579586007481,0.11092474466308999,1.32089665163923,3.442184505991441,0.000874822123901146,0.000874822123901146,8.525713291854263,2.959155259040558,1.7344552783352845,79.25895619244284,21651,20,86232.82274082938,811233.5976598887,-40.0,-126.74619798043655,7.323468850071802,association_2021-11-04_02:06:42.pkl,3.686923126076711,high,37.22317725917063,22.22159765988867,86.23282274082938,811.2335976598887,7.077482316666666,0.11795803861111111
1,2021-11-04 02:06:45.949652,lf,pair,81369.3425309031,-2925.441109326112,-40.0,3.9496521326258938,0.40957853654014403,0.2833730910524869,25.92432052202731,50.48928926933235,0.03407941965388828,0.03407941965388828,134.90843525464965,33.16099694601659,1.9973340458950601,14054.53742925289,5930,20,42086.6574690969,786086.5588906739,-40.0,-127.14314812615392,7.0930883158904985,association_2021-11-04_02:06:42.pkl,56.75595762077427,high,81.3693425309031,-2.925441109326112,42.0866574690969,786.0865588906739,6.697810966666666,0.11163018277777777
0,2021-11-04 02:06:48.089588,north,hf,57054.30451686229,29237.42235731943,-40.0,6.089588246762624,0.12265046189536828,0.10616129027955663,3.230422653854351,10.391647089022136,0.0023042311130000814,0.0023042311130000814,26.228456580989242,4.64640062761282,1.821264452494565,382.8593531300439,7771,20,66401.69548313771,818249.4223573194,-40.0,-126.92602288628201,7.385253281233919,association_2021-11-04_02:06:42.pkl,10.88218543057035,high,57.054304516862295,29.237422357319428,66.40169548313771,818.2494223573194,6.733476566666667,0.11222460944444444
1,2021-11-04 02:07:31.933455,north,hf,57100.295975105204,29313.90169521301,-40.0,49.93345545239466,0.10709471000956562,0.10225477539563957,3.0013517857984637,9.80985779129132,0.002194180593379996,0.002194180593379996,24.69432017096222,4.554207137959053,1.8106018209470793,353.313089134488,7469,20,66355.7040248948,818325.901695213,-40.0,-126.9264447499878,7.385939802832664,association_2021-11-04_02:06:42.pkl,10.258724210518315,high,57.100295975105205,29.313901695213012,66.3557040248948,818.325901695213,7.464207683333333,0.12440346138888889
0,2021-11-04 02:07:10.798800,north,lf,57067.25889314539,29281.055159690753,-40.0,28.798800378423845,0.15239201636147495,0.10822325258339058,3.3464191735490565,10.74073616039318,0.0024004277948940513,0.0024004277948940513,27.111790036355668,4.821014925087627,1.821628928467256,410.62609137952893,7525,20,66388.7411068546,818293.0551596908,-40.0,-126.92614347400267,7.385646011698809,association_2021-11-04_02:06:42.pkl,11.249974868961901,high,57.067258893145386,29.281055159690755,66.38874110685461,818.2930551596908,7.111963433333333,0.11853272388888889
1,2021-11-04 02:07:20.784318,north,lf,76403.42778840521,28138.944469135127,-40.0,38.78431795623094,0.23263825902820093,0.16026051814472309,383.84766828940093,42.87872051874611,0.25592209422859524,0.25592209422859524,942.0045133560186,80.12428496147949,-3.069301024729394,237119.36493093122,2881,20,47052.57221159479,817150.9444691351,-40.0,-127.10082887207453,7.37376772652594,association_2021-11-04_02:06:42.pkl,386.2351836958082,high,76.40342778840521,28.138944469135126,47.052572211594786,817.1509444691351,7.278388733333333,0.12130647888888889
0,2021-11-04 02:06:51.661070,south,hf,88872.91042437994,14546.468330875528,-40.0,9.66106990411392,0.49644490994876905,0.29169086284250056,8.600896621733316,31.052108565223282,0.007513894953711355,0.007513894953711355,76.64307767278231,18.607264071189853,1.7036465557752571,4480.281786355645,5634,20,34583.08957562006,803558.4683308755,-40.0,-127.21236649179127,7.250097351839206,association_2021-11-04_02:06:42.pkl,32.22124871950429,high,88.87291042437994,14.546468330875529,34.583089575620065,803.5584683308755,6.793001266666667,0.11321668777777778
1,2021-11-04 02:06:53.312648,south,hf,51564.11310147182,24113.98887151127,-40.0,11.312648208689478,0.25878682685228066,0.12740674214296466,154.31957833652356,126.49005362026003,0.13146156363472175,0.13146156363472175,485.8782107293562,49.680248430707714,-2.4570923147485573,75833.4920272149,2256,20,71891.88689852817,813125.9888715113,-40.0,-126.87598778852124,7.33944866918403,association_2021-11-04_02:06:42.pkl,199.53512453404963,high,51.56411310147182,24.113988871511268,71.89188689852817,813.1259888715113,6.820527566666667,0.11367545944444445
0,2021-11-04 02:07:23.887769,south,lf,73849.44662488672,21172.442984638874,-40.0,41.887768824284926,0.2678026485099838,0.20461301270847568,8.303718776381837,50.15783988776903,0.015812448791944583,0.015812448791944583,123.92821413656492,11.326938002910097,1.4336129283090995,4409.939053937306,6119,20,49606.553375113275,810184.4429846389,-40.0,-127.07717246103384,7.311121936677106,association_2021-11-04_02:06:42.pkl,50.84054137914259,high,73.84944662488672,21.172442984638874,49.60655337511327,810.1844429846388,7.330112916666667,0.12216854861111111
0,2021-11-04 02:08:10.896318,hf,pair,37275.86338324904,22129.097777177027,-40.0,38.89631844803165,0.20181287942466966,0.12242604559676101,1.4300723746324913,3.4354561806461654,0.000932233855771371,0.000932233855771371,8.509837116483315,3.247964724370075,1.7375226552872856,86.83252378945576,22440,20,86180.13661675097,811141.097777177,-40.0,-126.74666731842106,7.322629941550651,association_2021-11-04_02:07:32.pkl,3.7212183711557363,high,37.27586338324904,22.129097777177027,86.18013661675097,811.141097777177,8.113588733333334,0.1352264788888889
0,2021-11-04 02:07:50.604611,lf,pair,37241.378085938064,22243.9331735504,-40.0,18.604610997634197,0.19392694576234493,0.10851010771699278,1.2909516172694961,3.3107101630655946,0.0008537884796501801,0.0008537884796501801,8.209173887168058,2.8750358334803274,1.7421591067169866,74.14683022208007,22110,20,86214.62191406194,811255.9331735504,-40.0,-126.74636421384577,7.323669087651097,association_2021-11-04_02:07:32.pkl,3.553499382574386,high,37.24137808593807,22.2439331735504,86.21462191406194,811.2559331735504,7.775393616666666,0.12958989361111112
1,2021-11-04 02:08:32.055839,lf,pair,37308.86431299445,22178.015621968243,-40.0,60.05583902201187,0.09376097988153193,0.09165188371310931,1.5279155621838536,3.6163440666452984,0.000961294773317113,0.000961294773317113,8.997758006096705,3.3739621648805316,1.765468838082357,95.37276848445903,11485,20,86147.13568700556,811190.0156219682,-40.0,-126.74696936034141,7.323069005952388,association_2021-11-04_02:07:32.pkl,3.9258719252574013,high,37.308864312994444,22.178015621968242,86.14713568700556,811.1900156219682,8.466247416666667,0.1411041236111111
0,2021-11-04 02:07:31.942216,north,hf,57111.00507230276,29295.130407768716,-40.0,-0.05778423965651217,0.1323814857289327,0.10945500716761523,3.165386444988455,10.30220533111708,0.0022869938469867,0.0022869938469867,25.94301139489695,4.785327524029874,1.8121205092118648,390.0155536248089,7777,20,66344.99492769723,818307.1304077688,-40.0,-126.92654006317775,7.385769549705253,association_2021-11-04_02:07:32.pkl,10.77752782555507,high,57.11100507230276,29.295130407768717,66.34499492769723,818.3071304077688,7.4643537,0.124405895
1,2021-11-04 02:08:15.746788,north,hf,57229.15215792007,29211.217326244034,-40.0,43.7467876951246,0.19198129050012055,0.10972958812598778,4.009368809117733,11.318541613145705,0.0026900125401326884,0.0026900125401326884,28.838917103792525,5.67386252131892,1.8579239767548017,514.0526826620569,5959,20,66226.84784207994,818223.217326244,-40.0,-126.92760141994458,7.385002872856453,association_2021-11-04_02:07:32.pkl,12.007681811908455,high,57.22915215792007,29.211217326244032,66.22684784207993,818.223217326244,8.1944299,0.13657383166666665
2,2021-11-04 02:07:54.617403,north,hf,57093.404086796356,29388.276243910597,-40.0,22.6174034757654,0.1968021883909035,0.10910139254597745,4.30938278949071,12.3342499828234,0.0031366280881774816,0.0031366280881774816,31.403828269470704,6.047275896754257,1.8550710779985147,596.6123642484931,5197,20,66362.59591320364,818400.2762439105,-40.0,-126.92638837990233,7.386611540410542,association_2021-11-04_02:07:32.pkl,13.06539332225164,high,57.093404086796355,29.388276243910596,66.36259591320363,818.4002762439105,7.842273483333333,0.13070455805555556
3,2021-11-04 02:07:41.726678,north,hf,75738.75586420769,27612.419966323527,-40.0,9.726678100716638,0.18792481503892466,0.15652290687612977,608.6226876370779,59.26391087604458,0.40820020424673015,0.40820020424673015,1492.1745423369252,117.58470653535466,3.084451177075754,551214.1258437273,2181,20,47717.24413579231,816624.4199663235,-40.0,-127.09477794218441,7.369072262389733,association_2021-11-04_02:07:32.pkl,611.501256776226,high,75.73875586420769,27.612419966323525,47.717244135792306,816.6244199663236,7.627428066666667,0.12712380111111113
4,2021-11-04 02:07:43.626275,north,hf,76783.2036794383,14265.217219869308,-40.0,11.626274937186311,0.40791968334190615,0.3194029551108758,404.4592071460653,383.99731620080695,0.3620859394142352,0.3620859394142352,1359.8046172078855,120.51414925641956,2.382551692853334,514830.6845334313,1870,20,46672.7963205617,803277.2172198693,-40.0,-127.10311652380786,7.248560492004558,association_2021-11-04_02:07:32.pkl,557.7106679046459,high,76.7832036794383,14.265217219869308,46.672796320561694,803.2772172198693,7.659088016666667,0.12765146694444446
0,2021-11-04 02:08:02.269776,north,lf,76845.1684953406,28324.09152378399,-40.0,30.26977559950661,0.2780269405000561,0.16230958037655432,554.9775724046646,48.32762225788442,0.3715132637874039,0.3715132637874039,1359.3551866534347,107.32479089755718,-3.104873446730381,458334.8412837294,2949,20,46610.83150465941,817336.091523784,-40.0,-127.1048366569371,7.37540151600838,association_2021-11-04_02:07:32.pkl,557.0777907485411,high,76.84516849534059,28.32409152378399,46.61083150465941,817.336091523784,7.969813033333334,0.13283021722222224
0,2021-11-04 02:08:14.770784,south,hf,83005.46917614082,13808.49674114654,-40.0,42.770784355258364,0.21783068009036965,0.14857758774435065,7.513108638380693,26.64715848942965,0.007588757446883543,0.007588757446883543,67.21073260728237,8.676519300425989,1.3250424286412619,1832.0361508537771,5479,20,40450.53082385918,802820.4967411465,-40.0,-127.15929664287516,7.243928398759523,association_2021-11-04_02:07:32.pkl,27.686058892028914,high,83.00546917614082,13.80849674114654,40.45053082385918,802.8204967411466,8.178163166666668,0.13630271944444447
1,2021-11-04 02:08:21.530970,south,hf,79662.67349750164,23872.85331541275,-40.0,49.53096966986621,0.2354161116748498,0.18839146941475882,10.588309770153524,39.31362681290774,0.015792100238307256,0.015792100238307256,97.47348354682788,20.75601966973009,1.407094356764568,6355.949436665965,4193,20,43793.326502498356,812884.8533154128,-40.0,-127.12992848852795,7.335006723194654,association_2021-11-04_02:07:32.pkl,40.714537415686145,high,79.66267349750164,23.87285331541275,43.79332650249835,812.8848533154128,8.290832933333332,0.13818054888888887
0,2021-11-04 02:08:52.350371,hf,pair,37281.57729181516,22090.215376857203,-40.0,30.35037066802714,0.20433002687104987,0.12705088009788165,1.495997401814622,3.535844169672365,0.000965400471676881,0.000965400471676881,8.763577829791988,3.3933910222927324,1.7419503894694512,93.4254562034213,22179,20,86174.42270818484,811102.2153768572,-40.0,-126.74671604190307,7.3222785438243765,association_2021-11-04_02:08:22.pkl,3.8392970995277453,high,37.28157729181516,22.090215376857202,86.17442270818484,811.1022153768572,8.804489616666666,0.1467414936111111
1,2021-11-04 02:08:59.719400,hf,pair,82823.58491668184,13591.531497539501,-40.0,37.71940036468586,0.3110020392334566,0.19492645084750626,5.554742657185143,18.666500552826683,0.006091021316220772,0.006091021316220772,46.921524690888845,8.419829743883051,1.33740307313133,1241.1529341962585,10222,20,40632.41508331816,802603.5314975395,-40.0,-127.15763543184593,7.241986002679121,association_2021-11-04_02:08:22.pkl,19.475456576836166,high,82.82358491668184,13.591531497539501,40.632415083318165,802.6035314975395,8.927306766666668,0.14878844611111114
0,2021-11-04 02:08:32.084049,lf,pair,37262.86411763716,22180.694507879456,-40.0,10.084049336135413,0.19874481556408893,0.11424946959887054,1.3684280458227605,3.4123958503358303,0.0008875856931851358,0.0008875856931851358,8.46296482933183,3.0602445602894552,1.7442564043998998,81.36329786480428,21680,20,86193.13588236284,811192.6945078794,-40.0,-126.74655368994277,7.323096652571732,association_2021-11-04_02:08:22.pkl,3.6765528360114037,high,37.26286411763716,22.180694507879455,86.19313588236284,811.1926945078794,8.466717583333333,0.1411119597222222
1,2021-11-04 02:09:13.393843,lf,pair,37268.65690645622,22141.898004383274,-40.0,51.393843087476725,0.14197075191035868,0.10782799258943948,1.4173800421574665,3.5481119252969213,0.0009115948651994893,0.0009115948651994893,8.805302595660555,3.1512587354482973,1.748235812826636,87.17224292185334,18187,20,86187.34309354378,811153.8980043833,-40.0,-126.74660313299674,7.322746024186962,association_2021-11-04_02:08:22.pkl,3.820741344077158,high,37.26865690645622,22.141898004383275,86.18734309354377,811.1538980043833,9.15521415,0.1525869025
2,2021-11-04 02:09:22.462419,lf,pair,82960.57970004927,14264.787830840443,-40.0,60.46241945799914,1.441067416667273,0.3660399399950667,27.012156126839205,85.37890667788363,0.019300069568053867,0.019300069568053867,218.24938240290825,20.34809966028496,1.2770822960438315,13951.687888719325,5322,20,40495.420299950725,803276.7878308404,-40.0,-127.1589288959198,7.2480487215727685,association_2021-11-04_02:08:22.pkl,89.55006579635494,high,82.96057970004928,14.264787830840444,40.49542029995072,803.2767878308405,9.306357083333333,0.15510595138888889
0,2021-11-04 02:09:06.284183,north,hf,74307.27639630716,27546.72958953288,-40.0,44.28418270809793,0.2066436886366858,0.16156544902656625,180.91978799111513,28.296326012970955,0.11843737064044757,0.11843737064044757,443.72363075432713,63.39584888865425,-3.0780287171998357,88373.74352672184,2668,20,49148.72360369284,816558.7295895328,-40.0,-127.08183496003886,7.3685979662901815,association_2021-11-04_02:08:22.pkl,183.11922824373846,high,74.30727639630716,27.54672958953288,49.14872360369284,816.5587295895328,9.036719816666666,0.15061199694444444
0,2021-11-04 02:08:37.733232,north,lf,57120.6753274805,29456.296038995704,-40.0,15.733232081163846,0.1637583956368822,0.11263462549710872,4.2097112752574,12.054616821924972,0.0030575286784802025,0.0030575286784802025,30.635896671569103,6.185708378472084,1.8490307130248742,595.3466447281843,5336,20,66335.32467251949,818468.2960389957,-40.0,-126.92664033971005,7.3872232090781615,association_2021-11-04_02:08:22.pkl,12.768533813420625,high,57.1206753274805,29.456296038995703,66.33532467251949,818.4682960389957,8.560870633333334,0.14268117722222223
1,2021-11-04 02:08:44.341532,north,lf,76536.33299429603,28005.9025411643,-40.0,22.341532493772917,0.2620953708643256,0.1544898133438864,316.9594728597901,36.0102941837952,0.2117852656405777,0.2117852656405777,776.450562460811,82.56057345176421,-3.10159380982472,201389.29538838123,4025,20,46919.667005703974,817017.9025411643,-40.0,-127.10201898014715,7.372556320781844,association_2021-11-04_02:08:22.pkl,318.99850896635786,high,76.53633299429603,28.0059025411643,46.91966700570397,817.0179025411643,8.671008966666667,0.1445168161111111
2,2021-11-04 02:09:02.221422,north,lf,71036.53784660969,23820.759903992435,-40.0,40.22142240835401,0.3143271802901138,0.18127009533398117,45.24136882440166,124.27662526047789,0.08326388526308234,0.08326388526308234,318.49044900316784,57.99398751146774,1.8767934011329472,58026.88488081287,1389,20,52419.46215339031,812832.7599039924,-40.0,-127.05196835587489,7.3352474300326715,association_2021-11-04_02:08:22.pkl,132.25528737724926,high,71.03653784660969,23.820759903992435,52.41946215339031,812.8327599039924,8.969007133333333,0.14948345222222223
3,2021-11-04 02:08:51.605761,north,lf,76019.6622572714,15645.902380656187,-40.0,29.60576082415661,0.5692631024760888,0.4976340339265825,367.19462841952634,396.7447487638254,0.34984301184546923,0.34984301184546923,1313.261191717555,162.1123099430374,2.3163335256441377,668831.898060979,2165,20,47436.3377427286,804657.9023806562,-40.0,-127.09633049892695,7.261080173928778,association_2021-11-04_02:08:22.pkl,540.5906869451461,high,76.01966225727139,15.645902380656187,47.436337742728604,804.6579023806562,8.79207945,0.1465346575
0,2021-11-04 02:08:39.305902,south,lf,83179.104205152,14160.129172522775,-40.0,17.305902273318033,0.3463886539049895,0.2609162904122903,14.423908667146446,48.59645852780128,0.0111729451548874,0.0111729451548874,123.2892857054458,13.993152341058675,1.3029807667723214,5419.893731797211,5853,20,40276.895794847995,803172.1291725228,-40.0,-127.16089450618574,7.247086413241288,association_2021-11-04_02:08:22.pkl,50.691862489777314,high,83.179104205152,14.160129172522774,40.276895794847995,803.1721291725228,8.5870818,0.14311803
0,2021-11-04 02:09:33.565734,hf,pair,37290.04733410542,22078.525799057956,-40.0,21.565733617815653,0.20268817557206717,0.12367678520293492,1.4529191537880561,3.4733105384390424,0.0009339094270752129,0.0009339094270752129,8.608954794494526,3.288475251301955,1.7418326701877902,88.93953976951346,22150,20,86165.95266589458,811090.5257990579,-40.0,-126.74679173454558,7.322172391164372,association_2021-11-04_02:09:12.pkl,3.764951548675748,high,37.29004733410542,22.078525799057957,86.16595266589458,811.0905257990579,9.491412333333333,0.15819020555555555
1,2021-11-04 02:09:42.532879,hf,pair,82889.72893567965,13757.506596585976,-40.0,30.532879151789505,0.35890771000599403,0.25494244912091535,6.8867043240219346,22.926672591337706,0.007018190130641733,0.007018190130641733,57.65673039015071,10.448167200654506,1.3353298121088852,1892.5179063132377,11628,20,40566.271064320346,802769.506596586,-40.0,-127.15824675705821,7.24347794480633,association_2021-11-04_02:09:12.pkl,23.938651017901947,high,82.88972893567966,13.757506596585976,40.56627106432035,802.769506596586,9.640864749999999,0.16068107916666666
2,2021-11-04 02:10:02.495447,hf,pair,82806.64484722522,13689.440849832767,-40.0,50.495446722917265,0.20120410419502938,0.1452422424099635,3.74710535521178,12.278496273140602,0.0038762198748799347,0.0038762198748799347,30.689175713749986,6.7514033830167985,1.361902524400143,650.9223047385187,9520,20,40649.35515277478,802701.4408498327,-40.0,-127.15749049239959,7.242870732601276,association_2021-11-04_02:09:12.pkl,12.837533613299108,high,82.80664484722523,13.689440849832767,40.649355152774774,802.7014408498327,9.973574216666666,0.16622623694444444
0,2021-11-04 02:09:13.393468,lf,pair,37264.72702111978,22153.183570705303,-40.0,1.3934675748028045,0.2062516438338057,0.11103343105852446,1.3233940838420966,3.330047726250348,0.0008499987009403876,0.0008499987009403876,8.267074601619333,2.9307705204905377,1.750254970530814,76.11732963622858,22250,20,86191.27297888021,811165.1835707054,-40.0,-126.74656845582611,7.322848188066197,association_2021-11-04_02:09:12.pkl,3.583376865507363,high,37.26472702111978,22.153183570705302,86.1912729788802,811.1651835707054,9.155207899999999,0.1525867983333333
0,2021-11-04 02:09:48.482534,north,hf,75144.51264448257,27285.498915886194,-40.0,36.482534277915306,0.3298086018585127,0.19162516289938097,457.6442301372819,43.84663103141852,0.30402906543038316,0.30402906543038316,1120.4300184894757,104.8671748928889,3.121117045813148,369125.60936400434,2553,20,48311.48735551743,816297.4989158862,-40.0,-127.08938017599105,7.366171772009073,association_2021-11-04_02:09:12.pkl,459.7398921463644,high,75.14451264448257,27.285498915886194,48.31148735551743,816.2974989158862,9.740025666666666,0.1623337611111111
0,2021-11-04 02:10:08.879943,north,lf,76774.04695892175,28118.489227881008,-40.0,56.87994287397555,0.1397356818534608,0.13344117204901912,331.5656265169407,29.380192421007873,0.22059772285543253,0.22059772285543253,812.321926382949,63.0962041343678,-3.098972590452211,161020.54103430317,3336,20,46681.953041078246,817130.489227881,-40.0,-127.10417675822018,7.373552387202591,association_2021-11-04_02:09:12.pkl,332.86477794183463,high,76.77404695892176,28.118489227881007,46.681953041078245,817.130489227881,10.079982483333334,0.16799970805555556
0,2021-11-04 02:09:22.597207,south,lf,83031.73943499936,14430.828015381168,-40.0,10.597206652542065,0.21916926862771846,0.16827220134021662,9.538889076871303,28.761192625493848,0.005575514117773134,0.005575514117773134,73.54653015052085,9.604702770600092,1.2746203854690712,2219.1976830303756,5150,20,40424.260565000644,803442.8280153811,-40.0,-127.1595855647494,7.2495408264698336,association_2021-11-04_02:09:12.pkl,30.301759124869573,high,83.03173943499935,14.430828015381168,40.424260565000644,803.4428280153811,9.308603549999999,0.15514339249999998
